{
    "train": {
        "box_loss": 1.26798,
        "cls_loss": 2.30787,
        "dfl_loss": 1.39243
    },
    "metrics": {
        "precision(B)": 0.7038363159072357,
        "recall(B)": 0.7659483776162669,
        "mAP50(B)": 0.8970653759211934,
        "mAP50-95(B)": 0.7098399876105618
    },
    "val": {
        "box_loss": 1.47825,
        "cls_loss": 1.26431,
        "dfl_loss": 1.15945
    },
    "lr": {
        "pg0": 9.9008e-07,
        "pg1": 9.9008e-07,
        "pg2": 9.9008e-07
    },
    "model": {
        "parameters": 3157200,
        "GFLOPs": 8.858,
        "speed_PyTorch(ms)": 195.249
    },
    "step": 4
}
