{
    "train": {
        "box_loss": 1.03135,
        "cls_loss": 2.36046,
        "dfl_loss": 1.28048
    },
    "metrics": {
        "precision(B)": 0.601877747575266,
        "recall(B)": 0.8870467361960866,
        "mAP50(B)": 0.8878885968658321,
        "mAP50-95(B)": 0.6347102057195664
    },
    "val": {
        "box_loss": 1.49044,
        "cls_loss": 1.44666,
        "dfl_loss": 1.28842
    },
    "lr": {
        "pg0": 9.9008e-07,
        "pg1": 9.9008e-07,
        "pg2": 9.9008e-07
    },
    "model": {
        "parameters": 3157200,
        "GFLOPs": 8.858,
        "speed_PyTorch(ms)": 290.751
    },
    "step": 4
}
