step	box_loss
0	0.97927
1	1.36268
2	1.29403
3	1.38785
4	1.03135
