step	box_loss
0	1.08118
1	1.37377
2	1.08602
3	1.35338
4	1.26798
