step	cls_loss
0	3.46384
1	2.70596
2	3.44953
3	3.56713
4	2.30787
