step	cls_loss
0	3.46463
1	2.84577
2	3.58289
3	3.70127
4	2.36046
