step	dfl_loss
0	1.37977
1	1.65874
2	1.37688
3	1.5727
4	1.39243
