step	dfl_loss
0	1.35644
1	1.66229
2	1.69726
3	1.73007
4	1.28048
