step	mAP50-95(B)
0	0.6223
1	0.63471
2	0.5996
3	0.59764
4	0.59672
