step	mAP50-95(B)
0	0.70984
1	0.70392
2	0.7066
3	0.70686
4	0.67825
