step	mAP50(B)
0	0.88831
1	0.88791
2	0.83161
3	0.83143
4	0.87297
