step	mAP50(B)
0	0.89705
1	0.89534
2	0.89498
3	0.89756
4	0.86995
