step	precision(B)
0	0.60873
1	0.60103
2	0.53663
3	0.55491
4	0.57671
