step	precision(B)
0	0.7053
1	0.70516
2	0.71687
3	0.73482
4	0.74127
