step	recall(B)
0	0.89569
1	0.88641
2	0.84049
3	0.83333
4	0.83333
