step	recall(B)
0	0.76444
1	0.76667
2	0.74171
3	0.73749
4	0.73552
